CUSTOMER,PRODUCT
4,apples
6,apples
10,apples
11,apples
12,apples
13,apples
14,apples
17,apples
20,apples
24,apples
26,apples
32,apples
37,apples
41,apples
46,apples
51,apples
59,apples
62,apples
64,apples
66,apples
67,apples
70,apples
71,apples
72,apples
73,apples
75,apples
78,apples
82,apples
83,apples
85,apples
87,apples
88,apples
93,apples
94,apples
99,apples
100,apples
105,apples
110,apples
112,apples
117,apples
117,apples
119,apples
121,apples
132,apples
134,apples
142,apples
144,apples
147,apples
151,apples
153,apples
154,apples
160,apples
161,apples
163,apples
177,apples
181,apples
182,apples
183,apples
186,apples
189,apples
191,apples
196,apples
202,apples
203,apples
206,apples
207,apples
210,apples
216,apples
217,apples
218,apples
219,apples
223,apples
225,apples
226,apples
229,apples
231,apples
233,apples
234,apples
235,apples
238,apples
239,apples
240,apples
241,apples
243,apples
244,apples
249,apples
251,apples
260,apples
262,apples
269,apples
270,apples
275,apples
277,apples
281,apples
282,apples
283,apples
286,apples
289,apples
290,apples
291,apples
296,apples
298,apples
301,apples
303,apples
305,apples
306,apples
311,apples
312,apples
313,apples
314,apples
315,apples
321,apples
330,apples
331,apples
336,apples
342,apples
343,apples
347,apples
354,apples
361,apples
363,apples
367,apples
375,apples
381,apples
384,apples
385,apples
390,apples
392,apples
397,apples
404,apples
405,apples
406,apples
409,apples
410,apples
414,apples
419,apples
420,apples
423,apples
426,apples
427,apples
429,apples
432,apples
436,apples
443,apples
446,apples
448,apples
454,apples
456,apples
461,apples
462,apples
464,apples
472,apples
474,apples
481,apples
482,apples
485,apples
487,apples
492,apples
493,apples
497,apples
499,apples
501,apples
502,apples
503,apples
506,apples
511,apples
512,apples
524,apples
526,apples
528,apples
534,apples
542,apples
546,apples
547,apples
550,apples
556,apples
557,apples
565,apples
566,apples
575,apples
576,apples
582,apples
583,apples
587,apples
588,apples
589,apples
592,apples
598,apples
601,apples
602,apples
603,apples
606,apples
612,apples
619,apples
622,apples
627,apples
632,apples
634,apples
635,apples
640,apples
641,apples
646,apples
649,apples
656,apples
657,apples
659,apples
660,apples
661,apples
662,apples
663,apples
664,apples
666,apples
669,apples
676,apples
678,apples
680,apples
681,apples
682,apples
686,apples
688,apples
691,apples
692,apples
693,apples
700,apples
702,apples
705,apples
714,apples
718,apples
732,apples
742,apples
743,apples
745,apples
746,apples
749,apples
752,apples
758,apples
762,apples
762,apples
763,apples
765,apples
766,apples
768,apples
771,apples
775,apples
776,apples
779,apples
788,apples
790,apples
794,apples
798,apples
800,apples
802,apples
810,apples
812,apples
815,apples
817,apples
818,apples
818,apples
821,apples
823,apples
823,apples
824,apples
826,apples
834,apples
836,apples
837,apples
837,apples
845,apples
846,apples
851,apples
856,apples
857,apples
859,apples
861,apples
865,apples
867,apples
868,apples
870,apples
873,apples
874,apples
880,apples
883,apples
889,apples
892,apples
893,apples
895,apples
901,apples
902,apples
903,apples
906,apples
907,apples
911,apples
912,apples
913,apples
915,apples
918,apples
921,apples
924,apples
926,apples
928,apples
935,apples
937,apples
940,apples
943,apples
945,apples
958,apples
962,apples
967,apples
971,apples
973,apples
977,apples
978,apples
984,apples
989,apples
991,apples
993,apples
994,apples
997,apples
1000,apples
2,artichok
11,artichok
15,artichok
16,artichok
21,artichok
22,artichok
28,artichok
34,artichok
36,artichok
38,artichok
39,artichok
40,artichok
47,artichok
49,artichok
53,artichok
60,artichok
61,artichok
63,artichok
78,artichok
80,artichok
81,artichok
84,artichok
87,artichok
89,artichok
91,artichok
95,artichok
104,artichok
108,artichok
120,artichok
121,artichok
124,artichok
130,artichok
134,artichok
139,artichok
140,artichok
143,artichok
144,artichok
146,artichok
149,artichok
153,artichok
156,artichok
157,artichok
159,artichok
161,artichok
162,artichok
165,artichok
169,artichok
170,artichok
172,artichok
184,artichok
186,artichok
192,artichok
193,artichok
197,artichok
201,artichok
205,artichok
208,artichok
211,artichok
212,artichok
213,artichok
214,artichok
217,artichok
225,artichok
229,artichok
230,artichok
232,artichok
234,artichok
235,artichok
236,artichok
237,artichok
238,artichok
244,artichok
245,artichok
248,artichok
251,artichok
252,artichok
253,artichok
255,artichok
256,artichok
258,artichok
260,artichok
262,artichok
267,artichok
271,artichok
273,artichok
282,artichok
282,artichok
285,artichok
294,artichok
296,artichok
298,artichok
299,artichok
306,artichok
319,artichok
328,artichok
329,artichok
336,artichok
353,artichok
355,artichok
356,artichok
357,artichok
358,artichok
360,artichok
362,artichok
369,artichok
376,artichok
377,artichok
378,artichok
379,artichok
385,artichok
393,artichok
395,artichok
400,artichok
406,artichok
407,artichok
408,artichok
412,artichok
413,artichok
416,artichok
422,artichok
424,artichok
427,artichok
428,artichok
430,artichok
433,artichok
437,artichok
440,artichok
443,artichok
445,artichok
447,artichok
450,artichok
451,artichok
453,artichok
456,artichok
457,artichok
459,artichok
465,artichok
469,artichok
469,artichok
473,artichok
475,artichok
477,artichok
479,artichok
493,artichok
495,artichok
496,artichok
497,artichok
503,artichok
507,artichok
508,artichok
509,artichok
512,artichok
521,artichok
522,artichok
525,artichok
527,artichok
529,artichok
530,artichok
531,artichok
532,artichok
535,artichok
536,artichok
538,artichok
540,artichok
547,artichok
549,artichok
551,artichok
552,artichok
557,artichok
561,artichok
563,artichok
564,artichok
572,artichok
574,artichok
578,artichok
587,artichok
593,artichok
597,artichok
602,artichok
612,artichok
613,artichok
621,artichok
625,artichok
628,artichok
629,artichok
635,artichok
638,artichok
639,artichok
641,artichok
642,artichok
643,artichok
644,artichok
649,artichok
652,artichok
655,artichok
656,artichok
658,artichok
660,artichok
665,artichok
667,artichok
673,artichok
678,artichok
682,artichok
689,artichok
689,artichok
690,artichok
693,artichok
696,artichok
697,artichok
699,artichok
701,artichok
704,artichok
705,artichok
706,artichok
708,artichok
709,artichok
712,artichok
712,artichok
715,artichok
716,artichok
721,artichok
725,artichok
727,artichok
730,artichok
732,artichok
737,artichok
738,artichok
744,artichok
746,artichok
751,artichok
753,artichok
756,artichok
758,artichok
766,artichok
766,artichok
767,artichok
773,artichok
774,artichok
778,artichok
779,artichok
780,artichok
784,artichok
785,artichok
787,artichok
796,artichok
801,artichok
803,artichok
804,artichok
807,artichok
811,artichok
813,artichok
815,artichok
819,artichok
823,artichok
828,artichok
829,artichok
830,artichok
833,artichok
837,artichok
838,artichok
839,artichok
843,artichok
848,artichok
850,artichok
853,artichok
855,artichok
857,artichok
860,artichok
862,artichok
869,artichok
872,artichok
875,artichok
877,artichok
884,artichok
885,artichok
886,artichok
889,artichok
890,artichok
891,artichok
894,artichok
896,artichok
897,artichok
898,artichok
906,artichok
914,artichok
916,artichok
917,artichok
918,artichok
919,artichok
921,artichok
929,artichok
936,artichok
939,artichok
942,artichok
946,artichok
949,artichok
953,artichok
963,artichok
963,artichok
964,artichok
967,artichok
970,artichok
975,artichok
977,artichok
979,artichok
980,artichok
981,artichok
992,artichok
993,artichok
994,artichok
996,artichok
2,avocado
4,avocado
10,avocado
11,avocado
13,avocado
16,avocado
21,avocado
27,avocado
32,avocado
34,avocado
36,avocado
38,avocado
46,avocado
49,avocado
50,avocado
51,avocado
52,avocado
53,avocado
54,avocado
57,avocado
57,avocado
61,avocado
63,avocado
64,avocado
66,avocado
68,avocado
70,avocado
72,avocado
73,avocado
74,avocado
78,avocado
80,avocado
81,avocado
84,avocado
89,avocado
91,avocado
100,avocado
104,avocado
108,avocado
109,avocado
110,avocado
112,avocado
115,avocado
120,avocado
121,avocado
124,avocado
129,avocado
130,avocado
131,avocado
134,avocado
139,avocado
140,avocado
141,avocado
143,avocado
144,avocado
146,avocado
149,avocado
152,avocado
154,avocado
156,avocado
157,avocado
161,avocado
162,avocado
163,avocado
164,avocado
165,avocado
169,avocado
170,avocado
172,avocado
177,avocado
177,avocado
182,avocado
184,avocado
186,avocado
192,avocado
193,avocado
201,avocado
203,avocado
204,avocado
205,avocado
207,avocado
208,avocado
210,avocado
211,avocado
212,avocado
213,avocado
217,avocado
219,avocado
230,avocado
231,avocado
232,avocado
234,avocado
235,avocado
236,avocado
237,avocado
238,avocado
240,avocado
241,avocado
244,avocado
248,avocado
252,avocado
253,avocado
255,avocado
258,avocado
259,avocado
259,avocado
260,avocado
262,avocado
266,avocado
267,avocado
270,avocado
271,avocado
273,avocado
275,avocado
281,avocado
285,avocado
287,avocado
288,avocado
293,avocado
294,avocado
296,avocado
298,avocado
299,avocado
301,avocado
312,avocado
318,avocado
319,avocado
321,avocado
325,avocado
329,avocado
336,avocado
340,avocado
347,avocado
353,avocado
355,avocado
356,avocado
358,avocado
360,avocado
362,avocado
363,avocado
367,avocado
369,avocado
376,avocado
377,avocado
378,avocado
379,avocado
381,avocado
383,avocado
384,avocado
385,avocado
387,avocado
389,avocado
392,avocado
393,avocado
395,avocado
397,avocado
400,avocado
404,avocado
406,avocado
408,avocado
410,avocado
412,avocado
413,avocado
416,avocado
417,avocado
424,avocado
426,avocado
428,avocado
430,avocado
431,avocado
433,avocado
437,avocado
438,avocado
440,avocado
443,avocado
445,avocado
447,avocado
449,avocado
453,avocado
456,avocado
457,avocado
462,avocado
464,avocado
465,avocado
472,avocado
477,avocado
479,avocado
482,avocado
485,avocado
486,avocado
492,avocado
495,avocado
497,avocado
498,avocado
503,avocado
506,avocado
508,avocado
509,avocado
511,avocado
512,avocado
513,avocado
523,avocado
524,avocado
525,avocado
526,avocado
527,avocado
528,avocado
529,avocado
534,avocado
536,avocado
538,avocado
540,avocado
549,avocado
551,avocado
552,avocado
556,avocado
559,avocado
561,avocado
564,avocado
565,avocado
566,avocado
570,avocado
571,avocado
572,avocado
576,avocado
583,avocado
587,avocado
589,avocado
592,avocado
593,avocado
598,avocado
610,avocado
612,avocado
613,avocado
619,avocado
628,avocado
629,avocado
634,avocado
635,avocado
638,avocado
639,avocado
641,avocado
642,avocado
646,avocado
649,avocado
651,avocado
655,avocado
657,avocado
658,avocado
665,avocado
666,avocado
667,avocado
673,avocado
677,avocado
678,avocado
679,avocado
680,avocado
686,avocado
690,avocado
691,avocado
692,avocado
693,avocado
696,avocado
700,avocado
701,avocado
702,avocado
703,avocado
705,avocado
706,avocado
708,avocado
709,avocado
715,avocado
721,avocado
722,avocado
724,avocado
725,avocado
726,avocado
726,avocado
730,avocado
732,avocado
737,avocado
738,avocado
744,avocado
746,avocado
748,avocado
751,avocado
754,avocado
755,avocado
766,avocado
767,avocado
768,avocado
769,avocado
771,avocado
773,avocado
775,avocado
778,avocado
780,avocado
784,avocado
787,avocado
796,avocado
798,avocado
799,avocado
801,avocado
803,avocado
804,avocado
807,avocado
810,avocado
811,avocado
812,avocado
815,avocado
819,avocado
822,avocado
823,avocado
824,avocado
828,avocado
829,avocado
837,avocado
838,avocado
839,avocado
843,avocado
845,avocado
850,avocado
856,avocado
861,avocado
862,avocado
868,avocado
869,avocado
877,avocado
884,avocado
885,avocado
889,avocado
890,avocado
891,avocado
894,avocado
895,avocado
898,avocado
901,avocado
905,avocado
907,avocado
909,avocado
916,avocado
917,avocado
919,avocado
921,avocado
923,avocado
924,avocado
926,avocado
928,avocado
936,avocado
937,avocado
939,avocado
940,avocado
942,avocado
943,avocado
944,avocado
945,avocado
950,avocado
962,avocado
967,avocado
973,avocado
975,avocado
977,avocado
978,avocado
979,avocado
992,avocado
994,avocado
996,avocado
1,baguette
7,baguette
8,baguette
10,baguette
11,baguette
13,baguette
16,baguette
18,baguette
20,baguette
21,baguette
24,baguette
26,baguette
32,baguette
34,baguette
35,baguette
38,baguette
41,baguette
46,baguette
47,baguette
51,baguette
52,baguette
53,baguette
54,baguette
55,baguette
57,baguette
60,baguette
63,baguette
64,baguette
65,baguette
66,baguette
70,baguette
73,baguette
74,baguette
78,baguette
81,baguette
85,baguette
90,baguette
91,baguette
92,baguette
99,baguette
100,baguette
103,baguette
105,baguette
106,baguette
108,baguette
110,baguette
112,baguette
120,baguette
121,baguette
122,baguette
124,baguette
131,baguette
134,baguette
136,baguette
140,baguette
144,baguette
152,baguette
154,baguette
156,baguette
161,baguette
162,baguette
163,baguette
172,baguette
173,baguette
175,baguette
179,baguette
182,baguette
185,baguette
187,baguette
193,baguette
201,baguette
203,baguette
207,baguette
210,baguette
212,baguette
213,baguette
214,baguette
215,baguette
217,baguette
227,baguette
228,baguette
232,baguette
235,baguette
237,baguette
239,baguette
240,baguette
241,baguette
246,baguette
248,baguette
253,baguette
258,baguette
260,baguette
262,baguette
264,baguette
267,baguette
270,baguette
274,baguette
275,baguette
281,baguette
286,baguette
288,baguette
289,baguette
290,baguette
292,baguette
293,baguette
294,baguette
296,baguette
299,baguette
301,baguette
302,baguette
309,baguette
311,baguette
312,baguette
317,baguette
319,baguette
321,baguette
323,baguette
332,baguette
333,baguette
336,baguette
338,baguette
344,baguette
345,baguette
347,baguette
350,baguette
352,baguette
355,baguette
356,baguette
358,baguette
360,baguette
362,baguette
363,baguette
366,baguette
369,baguette
370,baguette
371,baguette
374,baguette
377,baguette
379,baguette
381,baguette
384,baguette
386,baguette
390,baguette
391,baguette
392,baguette
393,baguette
394,baguette
396,baguette
397,baguette
404,baguette
406,baguette
408,baguette
410,baguette
411,baguette
412,baguette
413,baguette
420,baguette
421,baguette
423,baguette
426,baguette
427,baguette
433,baguette
434,baguette
438,baguette
441,baguette
442,baguette
443,baguette
445,baguette
446,baguette
449,baguette
450,baguette
452,baguette
456,baguette
460,baguette
462,baguette
463,baguette
464,baguette
467,baguette
468,baguette
470,baguette
472,baguette
476,baguette
478,baguette
483,baguette
485,baguette
486,baguette
488,baguette
497,baguette
503,baguette
504,baguette
506,baguette
507,baguette
508,baguette
511,baguette
515,baguette
516,baguette
520,baguette
524,baguette
527,baguette
528,baguette
529,baguette
530,baguette
534,baguette
540,baguette
542,baguette
544,baguette
551,baguette
552,baguette
553,baguette
559,baguette
563,baguette
564,baguette
565,baguette
566,baguette
567,baguette
568,baguette
570,baguette
573,baguette
575,baguette
576,baguette
582,baguette
583,baguette
585,baguette
586,baguette
587,baguette
588,baguette
589,baguette
595,baguette
597,baguette
598,baguette
599,baguette
604,baguette
612,baguette
613,baguette
623,baguette
627,baguette
628,baguette
629,baguette
630,baguette
634,baguette
635,baguette
636,baguette
637,baguette
638,baguette
641,baguette
643,baguette
644,baguette
646,baguette
648,baguette
651,baguette
655,baguette
657,baguette
663,baguette
665,baguette
666,baguette
667,baguette
668,baguette
673,baguette
674,baguette
685,baguette
686,baguette
688,baguette
690,baguette
692,baguette
693,baguette
694,baguette
698,baguette
700,baguette
702,baguette
705,baguette
708,baguette
711,baguette
717,baguette
720,baguette
721,baguette
722,baguette
723,baguette
727,baguette
728,baguette
729,baguette
730,baguette
732,baguette
735,baguette
738,baguette
741,baguette
743,baguette
746,baguette
748,baguette
749,baguette
751,baguette
754,baguette
766,baguette
767,baguette
768,baguette
769,baguette
771,baguette
775,baguette
778,baguette
780,baguette
781,baguette
783,baguette
784,baguette
790,baguette
794,baguette
795,baguette
798,baguette
799,baguette
801,baguette
804,baguette
805,baguette
806,baguette
810,baguette
812,baguette
814,baguette
815,baguette
817,baguette
819,baguette
820,baguette
822,baguette
823,baguette
824,baguette
825,baguette
827,baguette
829,baguette
831,baguette
833,baguette
836,baguette
837,baguette
838,baguette
840,baguette
841,baguette
845,baguette
847,baguette
848,baguette
849,baguette
853,baguette
856,baguette
860,baguette
861,baguette
868,baguette
875,baguette
883,baguette
885,baguette
890,baguette
891,baguette
894,baguette
895,baguette
897,baguette
899,baguette
901,baguette
902,baguette
907,baguette
909,baguette
914,baguette
915,baguette
917,baguette
918,baguette
919,baguette
924,baguette
926,baguette
927,baguette
928,baguette
936,baguette
937,baguette
938,baguette
939,baguette
940,baguette
941,baguette
943,baguette
945,baguette
947,baguette
950,baguette
951,baguette
952,baguette
953,baguette
962,baguette
966,baguette
967,baguette
969,baguette
970,baguette
972,baguette
973,baguette
974,baguette
979,baguette
980,baguette
982,baguette
986,baguette
987,baguette
994,baguette
995,baguette
997,baguette
998,baguette
9,bordeaux
33,bordeaux
34,bordeaux
50,bordeaux
64,bordeaux
91,bordeaux
111,bordeaux
141,bordeaux
143,bordeaux
148,bordeaux
165,bordeaux
187,bordeaux
193,bordeaux
194,bordeaux
198,bordeaux
219,bordeaux
236,bordeaux
251,bordeaux
254,bordeaux
258,bordeaux
283,bordeaux
285,bordeaux
297,bordeaux
305,bordeaux
321,bordeaux
328,bordeaux
335,bordeaux
366,bordeaux
371,bordeaux
379,bordeaux
381,bordeaux
397,bordeaux
398,bordeaux
403,bordeaux
425,bordeaux
447,bordeaux
454,bordeaux
476,bordeaux
490,bordeaux
526,bordeaux
557,bordeaux
560,bordeaux
561,bordeaux
577,bordeaux
579,bordeaux
584,bordeaux
605,bordeaux
626,bordeaux
633,bordeaux
641,bordeaux
659,bordeaux
667,bordeaux
684,bordeaux
697,bordeaux
708,bordeaux
734,bordeaux
735,bordeaux
744,bordeaux
745,bordeaux
770,bordeaux
778,bordeaux
788,bordeaux
791,bordeaux
795,bordeaux
831,bordeaux
838,bordeaux
850,bordeaux
859,bordeaux
869,bordeaux
877,bordeaux
883,bordeaux
917,bordeaux
931,bordeaux
948,bordeaux
0,bourbon
3,bourbon
6,bourbon
7,bourbon
8,bourbon
9,bourbon
15,bourbon
18,bourbon
19,bourbon
21,bourbon
22,bourbon
23,bourbon
26,bourbon
27,bourbon
28,bourbon
29,bourbon
30,bourbon
31,bourbon
33,bourbon
37,bourbon
40,bourbon
43,bourbon
44,bourbon
45,bourbon
48,bourbon
50,bourbon
58,bourbon
59,bourbon
66,bourbon
68,bourbon
69,bourbon
70,bourbon
70,bourbon
75,bourbon
77,bourbon
79,bourbon
82,bourbon
93,bourbon
94,bourbon
97,bourbon
98,bourbon
102,bourbon
102,bourbon
106,bourbon
109,bourbon
114,bourbon
115,bourbon
116,bourbon
118,bourbon
122,bourbon
123,bourbon
125,bourbon
127,bourbon
128,bourbon
129,bourbon
133,bourbon
136,bourbon
141,bourbon
144,bourbon
147,bourbon
148,bourbon
151,bourbon
153,bourbon
155,bourbon
156,bourbon
158,bourbon
162,bourbon
164,bourbon
167,bourbon
169,bourbon
171,bourbon
173,bourbon
174,bourbon
175,bourbon
178,bourbon
180,bourbon
181,bourbon
183,bourbon
188,bourbon
190,bourbon
191,bourbon
192,bourbon
194,bourbon
197,bourbon
199,bourbon
200,bourbon
206,bourbon
209,bourbon
215,bourbon
221,bourbon
222,bourbon
224,bourbon
226,bourbon
227,bourbon
229,bourbon
231,bourbon
237,bourbon
238,bourbon
239,bourbon
241,bourbon
241,bourbon
242,bourbon
245,bourbon
246,bourbon
247,bourbon
250,bourbon
254,bourbon
257,bourbon
259,bourbon
260,bourbon
263,bourbon
264,bourbon
265,bourbon
266,bourbon
268,bourbon
269,bourbon
272,bourbon
274,bourbon
276,bourbon
278,bourbon
284,bourbon
286,bourbon
291,bourbon
295,bourbon
296,bourbon
302,bourbon
303,bourbon
308,bourbon
316,bourbon
317,bourbon
320,bourbon
324,bourbon
326,bourbon
327,bourbon
328,bourbon
331,bourbon
334,bourbon
335,bourbon
338,bourbon
341,bourbon
342,bourbon
346,bourbon
348,bourbon
349,bourbon
351,bourbon
353,bourbon
354,bourbon
355,bourbon
355,bourbon
359,bourbon
362,bourbon
364,bourbon
365,bourbon
369,bourbon
371,bourbon
373,bourbon
377,bourbon
382,bourbon
383,bourbon
391,bourbon
394,bourbon
396,bourbon
399,bourbon
400,bourbon
401,bourbon
402,bourbon
405,bourbon
407,bourbon
409,bourbon
414,bourbon
418,bourbon
419,bourbon
422,bourbon
432,bourbon
435,bourbon
436,bourbon
437,bourbon
441,bourbon
442,bourbon
444,bourbon
445,bourbon
449,bourbon
451,bourbon
454,bourbon
458,bourbon
459,bourbon
460,bourbon
466,bourbon
467,bourbon
469,bourbon
471,bourbon
473,bourbon
474,bourbon
475,bourbon
480,bourbon
485,bourbon
491,bourbon
494,bourbon
495,bourbon
496,bourbon
505,bourbon
510,bourbon
513,bourbon
514,bourbon
515,bourbon
517,bourbon
518,bourbon
519,bourbon
521,bourbon
522,bourbon
523,bourbon
529,bourbon
532,bourbon
533,bourbon
535,bourbon
537,bourbon
539,bourbon
541,bourbon
545,bourbon
547,bourbon
554,bourbon
558,bourbon
568,bourbon
569,bourbon
572,bourbon
577,bourbon
579,bourbon
580,bourbon
584,bourbon
585,bourbon
586,bourbon
588,bourbon
589,bourbon
589,bourbon
590,bourbon
591,bourbon
592,bourbon
594,bourbon
600,bourbon
601,bourbon
603,bourbon
604,bourbon
605,bourbon
606,bourbon
607,bourbon
608,bourbon
614,bourbon
615,bourbon
616,bourbon
617,bourbon
618,bourbon
620,bourbon
621,bourbon
622,bourbon
623,bourbon
624,bourbon
625,bourbon
626,bourbon
631,bourbon
632,bourbon
633,bourbon
636,bourbon
645,bourbon
646,bourbon
647,bourbon
648,bourbon
649,bourbon
650,bourbon
652,bourbon
654,bourbon
656,bourbon
659,bourbon
666,bourbon
668,bourbon
669,bourbon
670,bourbon
671,bourbon
672,bourbon
674,bourbon
675,bourbon
679,bourbon
681,bourbon
683,bourbon
684,bourbon
687,bourbon
689,bourbon
695,bourbon
697,bourbon
699,bourbon
700,bourbon
702,bourbon
703,bourbon
704,bourbon
707,bourbon
716,bourbon
717,bourbon
720,bourbon
723,bourbon
726,bourbon
728,bourbon
733,bourbon
736,bourbon
738,bourbon
739,bourbon
740,bourbon
746,bourbon
747,bourbon
749,bourbon
750,bourbon
753,bourbon
757,bourbon
759,bourbon
763,bourbon
764,bourbon
765,bourbon
770,bourbon
774,bourbon
777,bourbon
779,bourbon
783,bourbon
785,bourbon
786,bourbon
789,bourbon
792,bourbon
793,bourbon
797,bourbon
800,bourbon
802,bourbon
802,bourbon
805,bourbon
806,bourbon
808,bourbon
809,bourbon
811,bourbon
814,bourbon
816,bourbon
817,bourbon
818,bourbon
820,bourbon
830,bourbon
832,bourbon
835,bourbon
841,bourbon
844,bourbon
845,bourbon
845,bourbon
847,bourbon
849,bourbon
854,bourbon
855,bourbon
860,bourbon
863,bourbon
866,bourbon
871,bourbon
872,bourbon
874,bourbon
876,bourbon
880,bourbon
881,bourbon
882,bourbon
884,bourbon
886,bourbon
887,bourbon
891,bourbon
892,bourbon
893,bourbon
898,bourbon
900,bourbon
903,bourbon
904,bourbon
905,bourbon
914,bourbon
922,bourbon
923,bourbon
924,bourbon
925,bourbon
927,bourbon
928,bourbon
932,bourbon
934,bourbon
938,bourbon
939,bourbon
940,bourbon
940,bourbon
943,bourbon
946,bourbon
949,bourbon
954,bourbon
955,bourbon
956,bourbon
958,bourbon
959,bourbon
960,bourbon
961,bourbon
963,bourbon
965,bourbon
966,bourbon
971,bourbon
973,bourbon
974,bourbon
976,bourbon
979,bourbon
979,bourbon
981,bourbon
982,bourbon
984,bourbon
985,bourbon
986,bourbon
988,bourbon
991,bourbon
996,bourbon
1000,bourbon
5,chicken
7,chicken
9,chicken
17,chicken
24,chicken
25,chicken
31,chicken
32,chicken
39,chicken
41,chicken
42,chicken
45,chicken
46,chicken
48,chicken
53,chicken
56,chicken
59,chicken
60,chicken
65,chicken
69,chicken
74,chicken
75,chicken
79,chicken
82,chicken
86,chicken
92,chicken
94,chicken
96,chicken
106,chicken
107,chicken
109,chicken
111,chicken
112,chicken
113,chicken
117,chicken
119,chicken
120,chicken
121,chicken
124,chicken
125,chicken
127,chicken
128,chicken
130,chicken
131,chicken
135,chicken
137,chicken
138,chicken
139,chicken
140,chicken
142,chicken
146,chicken
149,chicken
151,chicken
155,chicken
158,chicken
159,chicken
162,chicken
164,chicken
165,chicken
167,chicken
171,chicken
176,chicken
178,chicken
183,chicken
186,chicken
188,chicken
189,chicken
198,chicken
200,chicken
202,chicken
209,chicken
213,chicken
214,chicken
216,chicken
220,chicken
224,chicken
225,chicken
226,chicken
242,chicken
243,chicken
245,chicken
247,chicken
249,chicken
252,chicken
256,chicken
257,chicken
261,chicken
264,chicken
268,chicken
278,chicken
279,chicken
280,chicken
285,chicken
291,chicken
295,chicken
297,chicken
299,chicken
300,chicken
303,chicken
307,chicken
308,chicken
312,chicken
320,chicken
324,chicken
325,chicken
326,chicken
331,chicken
332,chicken
335,chicken
337,chicken
338,chicken
339,chicken
340,chicken
346,chicken
349,chicken
359,chicken
364,chicken
365,chicken
366,chicken
372,chicken
373,chicken
382,chicken
383,chicken
388,chicken
395,chicken
405,chicken
409,chicken
414,chicken
419,chicken
421,chicken
422,chicken
425,chicken
429,chicken
432,chicken
434,chicken
435,chicken
439,chicken
440,chicken
441,chicken
444,chicken
450,chicken
455,chicken
458,chicken
460,chicken
461,chicken
466,chicken
469,chicken
480,chicken
480,chicken
481,chicken
487,chicken
489,chicken
491,chicken
494,chicken
496,chicken
498,chicken
500,chicken
501,chicken
504,chicken
505,chicken
508,chicken
513,chicken
515,chicken
519,chicken
520,chicken
521,chicken
522,chicken
529,chicken
531,chicken
532,chicken
554,chicken
555,chicken
560,chicken
562,chicken
567,chicken
569,chicken
571,chicken
573,chicken
578,chicken
579,chicken
580,chicken
584,chicken
585,chicken
586,chicken
588,chicken
594,chicken
595,chicken
596,chicken
599,chicken
599,chicken
604,chicken
605,chicken
607,chicken
608,chicken
610,chicken
611,chicken
612,chicken
616,chicken
622,chicken
623,chicken
625,chicken
629,chicken
630,chicken
633,chicken
640,chicken
644,chicken
645,chicken
654,chicken
658,chicken
660,chicken
661,chicken
668,chicken
669,chicken
677,chicken
679,chicken
683,chicken
684,chicken
687,chicken
689,chicken
692,chicken
694,chicken
698,chicken
703,chicken
704,chicken
707,chicken
710,chicken
711,chicken
712,chicken
714,chicken
717,chicken
729,chicken
731,chicken
738,chicken
739,chicken
753,chicken
756,chicken
758,chicken
759,chicken
760,chicken
761,chicken
762,chicken
763,chicken
764,chicken
776,chicken
777,chicken
785,chicken
791,chicken
797,chicken
801,chicken
805,chicken
813,chicken
817,chicken
820,chicken
822,chicken
826,chicken
827,chicken
829,chicken
830,chicken
832,chicken
833,chicken
834,chicken
840,chicken
842,chicken
844,chicken
846,chicken
847,chicken
852,chicken
857,chicken
860,chicken
865,chicken
871,chicken
876,chicken
879,chicken
880,chicken
881,chicken
882,chicken
886,chicken
888,chicken
890,chicken
892,chicken
894,chicken
896,chicken
897,chicken
900,chicken
902,chicken
906,chicken
908,chicken
910,chicken
920,chicken
922,chicken
926,chicken
929,chicken
931,chicken
932,chicken
933,chicken
934,chicken
942,chicken
943,chicken
944,chicken
948,chicken
952,chicken
956,chicken
957,chicken
958,chicken
963,chicken
965,chicken
969,chicken
971,chicken
978,chicken
983,chicken
987,chicken
988,chicken
990,chicken
992,chicken
992,chicken
994,chicken
996,chicken
999,chicken
3,coke
5,coke
6,coke
14,coke
15,coke
16,coke
17,coke
24,coke
25,coke
26,coke
27,coke
29,coke
30,coke
31,coke
39,coke
40,coke
42,coke
56,coke
67,coke
68,coke
71,coke
74,coke
75,coke
77,coke
83,coke
86,coke
87,coke
94,coke
96,coke
97,coke
100,coke
107,coke
111,coke
113,coke
114,coke
117,coke
118,coke
127,coke
128,coke
129,coke
135,coke
136,coke
138,coke
142,coke
143,coke
145,coke
148,coke
153,coke
163,coke
164,coke
174,coke
176,coke
180,coke
187,coke
188,coke
189,coke
190,coke
194,coke
197,coke
198,coke
199,coke
202,coke
209,coke
211,coke
213,coke
214,coke
215,coke
220,coke
225,coke
227,coke
229,coke
242,coke
243,coke
245,coke
246,coke
247,coke
249,coke
250,coke
254,coke
256,coke
261,coke
268,coke
269,coke
277,coke
279,coke
280,coke
284,coke
286,coke
297,coke
300,coke
305,coke
307,coke
310,coke
314,coke
316,coke
317,coke
324,coke
325,coke
326,coke
329,coke
334,coke
337,coke
340,coke
341,coke
345,coke
348,coke
349,coke
361,coke
366,coke
372,coke
373,coke
375,coke
381,coke
388,coke
391,coke
397,coke
399,coke
402,coke
412,coke
418,coke
420,coke
421,coke
425,coke
430,coke
434,coke
435,coke
436,coke
439,coke
444,coke
448,coke
450,coke
453,coke
454,coke
455,coke
458,coke
459,coke
461,coke
467,coke
480,coke
484,coke
489,coke
494,coke
498,coke
500,coke
501,coke
504,coke
510,coke
512,coke
515,coke
517,coke
520,coke
521,coke
522,coke
523,coke
525,coke
531,coke
535,coke
539,coke
540,coke
545,coke
549,coke
550,coke
553,coke
555,coke
560,coke
562,coke
569,coke
571,coke
577,coke
578,coke
580,coke
591,coke
595,coke
596,coke
601,coke
603,coke
605,coke
606,coke
607,coke
609,coke
610,coke
611,coke
613,coke
615,coke
617,coke
620,coke
621,coke
623,coke
624,coke
626,coke
632,coke
637,coke
644,coke
650,coke
652,coke
654,coke
655,coke
657,coke
659,coke
661,coke
670,coke
672,coke
674,coke
675,coke
677,coke
692,coke
695,coke
701,coke
704,coke
711,coke
712,coke
716,coke
720,coke
723,coke
728,coke
729,coke
736,coke
741,coke
741,coke
749,coke
756,coke
757,coke
760,coke
761,coke
762,coke
765,coke
768,coke
775,coke
776,coke
777,coke
779,coke
784,coke
785,coke
791,coke
792,coke
793,coke
800,coke
809,coke
812,coke
813,coke
816,coke
825,coke
825,coke
826,coke
834,coke
835,coke
842,coke
843,coke
847,coke
849,coke
851,coke
852,coke
855,coke
857,coke
863,coke
865,coke
868,coke
873,coke
876,coke
879,coke
881,coke
882,coke
887,coke
888,coke
896,coke
897,coke
900,coke
901,coke
910,coke
911,coke
917,coke
920,coke
922,coke
924,coke
927,coke
929,coke
931,coke
933,coke
944,coke
945,coke
948,coke
949,coke
950,coke
957,coke
960,coke
962,coke
969,coke
971,coke
972,coke
976,coke
981,coke
983,coke
984,coke
985,coke
986,coke
990,coke
991,coke
999,coke
0,corned_b
1,corned_b
4,corned_b
7,corned_b
9,corned_b
11,corned_b
12,corned_b
14,corned_b
17,corned_b
20,corned_b
21,corned_b
23,corned_b
25,corned_b
31,corned_b
32,corned_b
35,corned_b
36,corned_b
41,corned_b
44,corned_b
45,corned_b
48,corned_b
53,corned_b
54,corned_b
55,corned_b
56,corned_b
59,corned_b
62,corned_b
65,corned_b
67,corned_b
69,corned_b
71,corned_b
72,corned_b
75,corned_b
76,corned_b
77,corned_b
79,corned_b
81,corned_b
82,corned_b
83,corned_b
85,corned_b
86,corned_b
87,corned_b
88,corned_b
90,corned_b
91,corned_b
93,corned_b
94,corned_b
95,corned_b
96,corned_b
96,corned_b
99,corned_b
101,corned_b
102,corned_b
104,corned_b
105,corned_b
106,corned_b
107,corned_b
108,corned_b
116,corned_b
119,corned_b
125,corned_b
126,corned_b
130,corned_b
132,corned_b
137,corned_b
139,corned_b
145,corned_b
147,corned_b
150,corned_b
151,corned_b
155,corned_b
158,corned_b
159,corned_b
160,corned_b
166,corned_b
167,corned_b
168,corned_b
171,corned_b
173,corned_b
175,corned_b
177,corned_b
178,corned_b
181,corned_b
183,corned_b
185,corned_b
191,corned_b
195,corned_b
196,corned_b
200,corned_b
202,corned_b
204,corned_b
206,corned_b
208,corned_b
209,corned_b
210,corned_b
216,corned_b
218,corned_b
219,corned_b
222,corned_b
223,corned_b
226,corned_b
231,corned_b
233,corned_b
234,corned_b
239,corned_b
248,corned_b
251,corned_b
252,corned_b
263,corned_b
264,corned_b
265,corned_b
268,corned_b
270,corned_b
271,corned_b
277,corned_b
278,corned_b
280,corned_b
282,corned_b
283,corned_b
287,corned_b
289,corned_b
290,corned_b
292,corned_b
295,corned_b
297,corned_b
298,corned_b
301,corned_b
303,corned_b
304,corned_b
305,corned_b
306,corned_b
308,corned_b
310,corned_b
313,corned_b
314,corned_b
315,corned_b
316,corned_b
318,corned_b
320,corned_b
322,corned_b
326,corned_b
327,corned_b
330,corned_b
331,corned_b
336,corned_b
337,corned_b
338,corned_b
339,corned_b
343,corned_b
346,corned_b
348,corned_b
350,corned_b
352,corned_b
356,corned_b
357,corned_b
358,corned_b
359,corned_b
360,corned_b
361,corned_b
362,corned_b
364,corned_b
365,corned_b
367,corned_b
368,corned_b
375,corned_b
380,corned_b
383,corned_b
386,corned_b
387,corned_b
389,corned_b
394,corned_b
398,corned_b
399,corned_b
401,corned_b
403,corned_b
404,corned_b
405,corned_b
409,corned_b
414,corned_b
415,corned_b
417,corned_b
419,corned_b
422,corned_b
424,corned_b
429,corned_b
431,corned_b
435,corned_b
440,corned_b
441,corned_b
448,corned_b
451,corned_b
452,corned_b
462,corned_b
466,corned_b
468,corned_b
469,corned_b
470,corned_b
472,corned_b
474,corned_b
476,corned_b
481,corned_b
482,corned_b
484,corned_b
487,corned_b
488,corned_b
489,corned_b
490,corned_b
491,corned_b
492,corned_b
493,corned_b
496,corned_b
499,corned_b
501,corned_b
502,corned_b
509,corned_b
513,corned_b
519,corned_b
521,corned_b
526,corned_b
532,corned_b
534,corned_b
537,corned_b
542,corned_b
543,corned_b
544,corned_b
545,corned_b
546,corned_b
548,corned_b
550,corned_b
554,corned_b
556,corned_b
557,corned_b
558,corned_b
563,corned_b
565,corned_b
574,corned_b
576,corned_b
577,corned_b
580,corned_b
581,corned_b
582,corned_b
584,corned_b
585,corned_b
586,corned_b
588,corned_b
590,corned_b
592,corned_b
594,corned_b
601,corned_b
602,corned_b
604,corned_b
606,corned_b
608,corned_b
609,corned_b
611,corned_b
618,corned_b
619,corned_b
622,corned_b
623,corned_b
625,corned_b
633,corned_b
636,corned_b
638,corned_b
640,corned_b
651,corned_b
653,corned_b
660,corned_b
662,corned_b
664,corned_b
668,corned_b
669,corned_b
671,corned_b
673,corned_b
676,corned_b
679,corned_b
680,corned_b
681,corned_b
682,corned_b
683,corned_b
684,corned_b
688,corned_b
689,corned_b
691,corned_b
696,corned_b
703,corned_b
706,corned_b
707,corned_b
710,corned_b
713,corned_b
714,corned_b
715,corned_b
717,corned_b
718,corned_b
719,corned_b
721,corned_b
724,corned_b
725,corned_b
731,corned_b
733,corned_b
734,corned_b
737,corned_b
739,corned_b
742,corned_b
745,corned_b
751,corned_b
752,corned_b
753,corned_b
755,corned_b
758,corned_b
759,corned_b
761,corned_b
763,corned_b
764,corned_b
769,corned_b
772,corned_b
775,corned_b
777,corned_b
782,corned_b
788,corned_b
789,corned_b
794,corned_b
802,corned_b
805,corned_b
807,corned_b
808,corned_b
809,corned_b
812,corned_b
816,corned_b
817,corned_b
821,corned_b
830,corned_b
831,corned_b
832,corned_b
844,corned_b
846,corned_b
848,corned_b
851,corned_b
853,corned_b
856,corned_b
858,corned_b
859,corned_b
860,corned_b
862,corned_b
864,corned_b
867,corned_b
870,corned_b
871,corned_b
872,corned_b
873,corned_b
874,corned_b
877,corned_b
878,corned_b
879,corned_b
883,corned_b
886,corned_b
891,corned_b
892,corned_b
896,corned_b
898,corned_b
906,corned_b
908,corned_b
911,corned_b
912,corned_b
913,corned_b
915,corned_b
930,corned_b
932,corned_b
933,corned_b
934,corned_b
935,corned_b
941,corned_b
952,corned_b
954,corned_b
955,corned_b
956,corned_b
958,corned_b
959,corned_b
963,corned_b
964,corned_b
965,corned_b
967,corned_b
968,corned_b
970,corned_b
971,corned_b
976,corned_b
978,corned_b
988,corned_b
989,corned_b
993,corned_b
997,corned_b
999,corned_b
1000,corned_b
1,cracker
2,cracker
7,cracker
8,cracker
9,cracker
18,cracker
19,cracker
22,cracker
23,cracker
28,cracker
31,cracker
33,cracker
35,cracker
36,cracker
37,cracker
40,cracker
42,cracker
43,cracker
45,cracker
47,cracker
48,cracker
49,cracker
50,cracker
52,cracker
55,cracker
57,cracker
58,cracker
59,cracker
60,cracker
61,cracker
64,cracker
65,cracker
66,cracker
69,cracker
75,cracker
76,cracker
77,cracker
79,cracker
80,cracker
81,cracker
82,cracker
84,cracker
89,cracker
90,cracker
92,cracker
93,cracker
94,cracker
98,cracker
103,cracker
104,cracker
106,cracker
109,cracker
115,cracker
120,cracker
122,cracker
123,cracker
125,cracker
126,cracker
128,cracker
130,cracker
131,cracker
133,cracker
136,cracker
139,cracker
141,cracker
143,cracker
146,cracker
147,cracker
149,cracker
150,cracker
151,cracker
152,cracker
155,cracker
157,cracker
158,cracker
165,cracker
167,cracker
169,cracker
170,cracker
171,cracker
173,cracker
175,cracker
176,cracker
178,cracker
179,cracker
182,cracker
183,cracker
184,cracker
186,cracker
187,cracker
190,cracker
192,cracker
199,cracker
200,cracker
205,cracker
208,cracker
209,cracker
211,cracker
216,cracker
221,cracker
222,cracker
224,cracker
226,cracker
228,cracker
230,cracker
235,cracker
236,cracker
238,cracker
240,cracker
244,cracker
247,cracker
252,cracker
253,cracker
255,cracker
257,cracker
259,cracker
264,cracker
266,cracker
267,cracker
270,cracker
271,cracker
272,cracker
273,cracker
274,cracker
275,cracker
276,cracker
278,cracker
279,cracker
281,cracker
285,cracker
288,cracker
291,cracker
293,cracker
295,cracker
302,cracker
303,cracker
304,cracker
307,cracker
308,cracker
309,cracker
311,cracker
318,cracker
320,cracker
323,cracker
326,cracker
327,cracker
328,cracker
329,cracker
331,cracker
332,cracker
333,cracker
334,cracker
335,cracker
338,cracker
342,cracker
343,cracker
344,cracker
345,cracker
346,cracker
350,cracker
351,cracker
352,cracker
353,cracker
354,cracker
357,cracker
359,cracker
360,cracker
361,cracker
364,cracker
365,cracker
370,cracker
371,cracker
374,cracker
375,cracker
376,cracker
378,cracker
382,cracker
383,cracker
385,cracker
388,cracker
390,cracker
394,cracker
395,cracker
396,cracker
399,cracker
400,cracker
401,cracker
402,cracker
405,cracker
407,cracker
409,cracker
410,cracker
411,cracker
414,cracker
416,cracker
417,cracker
420,cracker
422,cracker
423,cracker
427,cracker
428,cracker
430,cracker
432,cracker
434,cracker
437,cracker
438,cracker
440,cracker
441,cracker
442,cracker
446,cracker
447,cracker
449,cracker
451,cracker
452,cracker
453,cracker
457,cracker
460,cracker
461,cracker
463,cracker
465,cracker
466,cracker
467,cracker
468,cracker
469,cracker
470,cracker
471,cracker
473,cracker
475,cracker
477,cracker
478,cracker
479,cracker
483,cracker
485,cracker
486,cracker
488,cracker
491,cracker
495,cracker
496,cracker
505,cracker
507,cracker
508,cracker
509,cracker
512,cracker
513,cracker
514,cracker
516,cracker
518,cracker
519,cracker
521,cracker
524,cracker
524,cracker
525,cracker
530,cracker
532,cracker
533,cracker
534,cracker
535,cracker
536,cracker
538,cracker
541,cracker
547,cracker
548,cracker
549,cracker
553,cracker
554,cracker
558,cracker
559,cracker
561,cracker
567,cracker
568,cracker
570,cracker
572,cracker
573,cracker
575,cracker
579,cracker
580,cracker
581,cracker
584,cracker
585,cracker
586,cracker
587,cracker
588,cracker
593,cracker
594,cracker
595,cracker
597,cracker
599,cracker
600,cracker
604,cracker
608,cracker
609,cracker
613,cracker
614,cracker
616,cracker
617,cracker
618,cracker
622,cracker
623,cracker
624,cracker
625,cracker
626,cracker
627,cracker
630,cracker
631,cracker
633,cracker
637,cracker
639,cracker
642,cracker
643,cracker
645,cracker
647,cracker
648,cracker
649,cracker
651,cracker
654,cracker
656,cracker
658,cracker
661,cracker
662,cracker
663,cracker
668,cracker
669,cracker
675,cracker
678,cracker
679,cracker
681,cracker
683,cracker
684,cracker
685,cracker
687,cracker
689,cracker
694,cracker
696,cracker
697,cracker
698,cracker
699,cracker
701,cracker
703,cracker
706,cracker
707,cracker
708,cracker
709,cracker
710,cracker
713,cracker
715,cracker
717,cracker
722,cracker
724,cracker
725,cracker
726,cracker
727,cracker
728,cracker
730,cracker
732,cracker
733,cracker
735,cracker
737,cracker
739,cracker
740,cracker
741,cracker
742,cracker
743,cracker
744,cracker
747,cracker
748,cracker
750,cracker
751,cracker
753,cracker
754,cracker
759,cracker
763,cracker
765,cracker
767,cracker
770,cracker
773,cracker
774,cracker
777,cracker
778,cracker
781,cracker
783,cracker
786,cracker
787,cracker
788,cracker
790,cracker
793,cracker
795,cracker
796,cracker
797,cracker
798,cracker
799,cracker
803,cracker
804,cracker
804,cracker
805,cracker
806,cracker
807,cracker
811,cracker
814,cracker
817,cracker
818,cracker
819,cracker
820,cracker
822,cracker
825,cracker
826,cracker
827,cracker
828,cracker
830,cracker
832,cracker
833,cracker
836,cracker
839,cracker
840,cracker
841,cracker
842,cracker
843,cracker
844,cracker
848,cracker
850,cracker
854,cracker
860,cracker
861,cracker
866,cracker
867,cracker
869,cracker
871,cracker
875,cracker
877,cracker
880,cracker
884,cracker
886,cracker
888,cracker
889,cracker
892,cracker
893,cracker
898,cracker
899,cracker
902,cracker
903,cracker
904,cracker
905,cracker
909,cracker
914,cracker
916,cracker
918,cracker
919,cracker
920,cracker
921,cracker
923,cracker
925,cracker
927,cracker
932,cracker
938,cracker
941,cracker
942,cracker
944,cracker
945,cracker
946,cracker
947,cracker
948,cracker
950,cracker
951,cracker
952,cracker
953,cracker
955,cracker
956,cracker
957,cracker
958,cracker
960,cracker
961,cracker
963,cracker
965,cracker
966,cracker
971,cracker
972,cracker
974,cracker
975,cracker
976,cracker
977,cracker
980,cracker
982,cracker
985,cracker
986,cracker
987,cracker
988,cracker
992,cracker
993,cracker
995,cracker
996,cracker
998,cracker
0,ham
2,ham
3,ham
5,ham
14,ham
15,ham
20,ham
30,ham
33,ham
35,ham
36,ham
38,ham
44,ham
49,ham
54,ham
55,ham
58,ham
61,ham
62,ham
71,ham
76,ham
78,ham
80,ham
81,ham
83,ham
84,ham
86,ham
88,ham
89,ham
95,ham
101,ham
102,ham
104,ham
105,ham
107,ham
108,ham
115,ham
116,ham
118,ham
119,ham
126,ham
130,ham
132,ham
133,ham
137,ham
138,ham
139,ham
143,ham
145,ham
146,ham
149,ham
150,ham
157,ham
159,ham
163,ham
165,ham
166,ham
168,ham
169,ham
170,ham
171,ham
176,ham
178,ham
184,ham
185,ham
186,ham
192,ham
195,ham
196,ham
200,ham
204,ham
205,ham
208,ham
211,ham
218,ham
227,ham
230,ham
236,ham
237,ham
238,ham
244,ham
252,ham
254,ham
255,ham
261,ham
263,ham
265,ham
271,ham
273,ham
274,ham
278,ham
280,ham
283,ham
285,ham
287,ham
289,ham
292,ham
294,ham
295,ham
304,ham
308,ham
310,ham
311,ham
315,ham
316,ham
318,ham
322,ham
324,ham
329,ham
330,ham
338,ham
339,ham
340,ham
346,ham
350,ham
353,ham
357,ham
359,ham
360,ham
367,ham
368,ham
372,ham
376,ham
378,ham
380,ham
383,ham
385,ham
386,ham
387,ham
389,ham
391,ham
393,ham
395,ham
398,ham
400,ham
401,ham
403,ham
415,ham
416,ham
417,ham
424,ham
428,ham
430,ham
431,ham
437,ham
440,ham
445,ham
446,ham
447,ham
453,ham
455,ham
457,ham
463,ham
465,ham
466,ham
470,ham
473,ham
476,ham
477,ham
479,ham
482,ham
483,ham
484,ham
489,ham
490,ham
495,ham
499,ham
506,ham
509,ham
512,ham
518,ham
525,ham
527,ham
528,ham
536,ham
537,ham
538,ham
539,ham
542,ham
543,ham
544,ham
545,ham
548,ham
549,ham
551,ham
555,ham
556,ham
558,ham
561,ham
562,ham
563,ham
572,ham
574,ham
581,ham
586,ham
590,ham
593,ham
594,ham
603,ham
608,ham
609,ham
613,ham
636,ham
639,ham
642,ham
647,ham
649,ham
653,ham
655,ham
658,ham
671,ham
677,ham
678,ham
680,ham
696,ham
701,ham
706,ham
709,ham
710,ham
713,ham
715,ham
716,ham
718,ham
719,ham
720,ham
724,ham
725,ham
731,ham
732,ham
734,ham
737,ham
744,ham
745,ham
752,ham
755,ham
760,ham
760,ham
764,ham
769,ham
771,ham
772,ham
773,ham
776,ham
781,ham
782,ham
787,ham
789,ham
792,ham
796,ham
799,ham
803,ham
807,ham
808,ham
810,ham
811,ham
816,ham
828,ham
829,ham
831,ham
834,ham
838,ham
839,ham
842,ham
843,ham
846,ham
850,ham
851,ham
853,ham
855,ham
858,ham
862,ham
864,ham
869,ham
870,ham
870,ham
872,ham
873,ham
874,ham
877,ham
878,ham
884,ham
889,ham
898,ham
908,ham
910,ham
913,ham
916,ham
921,ham
930,ham
934,ham
942,ham
949,ham
954,ham
959,ham
964,ham
968,ham
969,ham
970,ham
974,ham
975,ham
977,ham
981,ham
983,ham
985,ham
992,ham
996,ham
997,ham
1,heineken
2,heineken
5,heineken
6,heineken
8,heineken
11,heineken
12,heineken
16,heineken
17,heineken
18,heineken
19,heineken
21,heineken
22,heineken
23,heineken
24,heineken
25,heineken
28,heineken
33,heineken
34,heineken
36,heineken
37,heineken
38,heineken
39,heineken
40,heineken
42,heineken
43,heineken
44,heineken
47,heineken
49,heineken
50,heineken
52,heineken
53,heineken
55,heineken
56,heineken
57,heineken
58,heineken
60,heineken
61,heineken
63,heineken
65,heineken
74,heineken
78,heineken
80,heineken
81,heineken
84,heineken
89,heineken
90,heineken
91,heineken
92,heineken
93,heineken
96,heineken
97,heineken
98,heineken
103,heineken
104,heineken
107,heineken
108,heineken
109,heineken
110,heineken
111,heineken
113,heineken
114,heineken
115,heineken
117,heineken
120,heineken
122,heineken
123,heineken
124,heineken
128,heineken
130,heineken
131,heineken
133,heineken
134,heineken
135,heineken
138,heineken
139,heineken
140,heineken
141,heineken
142,heineken
143,heineken
144,heineken
145,heineken
146,heineken
147,heineken
149,heineken
152,heineken
156,heineken
157,heineken
162,heineken
164,heineken
165,heineken
169,heineken
170,heineken
171,heineken
172,heineken
173,heineken
174,heineken
175,heineken
176,heineken
179,heineken
181,heineken
184,heineken
185,heineken
186,heineken
187,heineken
188,heineken
189,heineken
192,heineken
193,heineken
194,heineken
196,heineken
198,heineken
199,heineken
201,heineken
203,heineken
205,heineken
208,heineken
211,heineken
212,heineken
213,heineken
214,heineken
215,heineken
217,heineken
218,heineken
220,heineken
221,heineken
222,heineken
224,heineken
225,heineken
228,heineken
230,heineken
232,heineken
235,heineken
236,heineken
237,heineken
238,heineken
242,heineken
243,heineken
244,heineken
245,heineken
248,heineken
249,heineken
252,heineken
253,heineken
255,heineken
256,heineken
257,heineken
258,heineken
259,heineken
261,heineken
264,heineken
265,heineken
266,heineken
267,heineken
268,heineken
271,heineken
272,heineken
273,heineken
274,heineken
276,heineken
278,heineken
279,heineken
284,heineken
285,heineken
287,heineken
288,heineken
291,heineken
293,heineken
294,heineken
297,heineken
299,heineken
300,heineken
302,heineken
303,heineken
307,heineken
309,heineken
311,heineken
313,heineken
317,heineken
319,heineken
321,heineken
323,heineken
324,heineken
325,heineken
327,heineken
328,heineken
329,heineken
331,heineken
332,heineken
333,heineken
334,heineken
335,heineken
336,heineken
337,heineken
340,heineken
342,heineken
344,heineken
345,heineken
346,heineken
347,heineken
349,heineken
350,heineken
351,heineken
352,heineken
353,heineken
354,heineken
355,heineken
356,heineken
358,heineken
360,heineken
362,heineken
366,heineken
369,heineken
370,heineken
371,heineken
372,heineken
374,heineken
376,heineken
377,heineken
378,heineken
379,heineken
380,heineken
380,heineken
382,heineken
385,heineken
388,heineken
390,heineken
393,heineken
394,heineken
395,heineken
396,heineken
399,heineken
400,heineken
401,heineken
402,heineken
404,heineken
405,heineken
406,heineken
407,heineken
408,heineken
411,heineken
412,heineken
413,heineken
416,heineken
418,heineken
420,heineken
421,heineken
422,heineken
423,heineken
425,heineken
427,heineken
428,heineken
430,heineken
432,heineken
433,heineken
434,heineken
435,heineken
437,heineken
438,heineken
439,heineken
440,heineken
442,heineken
443,heineken
445,heineken
446,heineken
447,heineken
449,heineken
450,heineken
451,heineken
452,heineken
453,heineken
455,heineken
456,heineken
457,heineken
458,heineken
459,heineken
460,heineken
461,heineken
462,heineken
463,heineken
465,heineken
468,heineken
470,heineken
471,heineken
473,heineken
475,heineken
477,heineken
478,heineken
479,heineken
483,heineken
486,heineken
488,heineken
489,heineken
494,heineken
495,heineken
497,heineken
498,heineken
500,heineken
501,heineken
503,heineken
504,heineken
505,heineken
507,heineken
508,heineken
509,heineken
510,heineken
511,heineken
512,heineken
513,heineken
514,heineken
516,heineken
517,heineken
518,heineken
520,heineken
522,heineken
525,heineken
527,heineken
528,heineken
529,heineken
530,heineken
531,heineken
533,heineken
536,heineken
538,heineken
540,heineken
541,heineken
543,heineken
547,heineken
548,heineken
549,heineken
551,heineken
552,heineken
553,heineken
554,heineken
555,heineken
559,heineken
560,heineken
561,heineken
562,heineken
564,heineken
567,heineken
568,heineken
569,heineken
570,heineken
571,heineken
572,heineken
573,heineken
575,heineken
578,heineken
579,heineken
593,heineken
595,heineken
596,heineken
597,heineken
599,heineken
600,heineken
605,heineken
607,heineken
610,heineken
611,heineken
612,heineken
613,heineken
614,heineken
616,heineken
617,heineken
618,heineken
624,heineken
627,heineken
628,heineken
629,heineken
630,heineken
631,heineken
635,heineken
637,heineken
638,heineken
639,heineken
642,heineken
643,heineken
644,heineken
645,heineken
647,heineken
648,heineken
649,heineken
651,heineken
655,heineken
656,heineken
658,heineken
661,heineken
663,heineken
665,heineken
667,heineken
669,heineken
671,heineken
673,heineken
675,heineken
677,heineken
678,heineken
681,heineken
685,heineken
687,heineken
690,heineken
693,heineken
694,heineken
696,heineken
697,heineken
698,heineken
699,heineken
701,heineken
704,heineken
705,heineken
706,heineken
708,heineken
709,heineken
711,heineken
712,heineken
713,heineken
715,heineken
717,heineken
719,heineken
719,heineken
721,heineken
722,heineken
723,heineken
725,heineken
726,heineken
727,heineken
729,heineken
730,heineken
732,heineken
733,heineken
735,heineken
737,heineken
738,heineken
740,heineken
741,heineken
743,heineken
744,heineken
746,heineken
747,heineken
748,heineken
750,heineken
751,heineken
752,heineken
753,heineken
754,heineken
756,heineken
757,heineken
760,heineken
761,heineken
762,heineken
765,heineken
767,heineken
768,heineken
770,heineken
772,heineken
773,heineken
774,heineken
776,heineken
778,heineken
780,heineken
781,heineken
783,heineken
784,heineken
785,heineken
786,heineken
787,heineken
789,heineken
790,heineken
791,heineken
795,heineken
796,heineken
797,heineken
799,heineken
801,heineken
803,heineken
804,heineken
806,heineken
807,heineken
811,heineken
813,heineken
814,heineken
815,heineken
818,heineken
819,heineken
820,heineken
822,heineken
823,heineken
824,heineken
825,heineken
826,heineken
827,heineken
828,heineken
829,heineken
830,heineken
832,heineken
833,heineken
834,heineken
836,heineken
837,heineken
838,heineken
839,heineken
840,heineken
841,heineken
842,heineken
843,heineken
847,heineken
848,heineken
849,heineken
850,heineken
852,heineken
854,heineken
857,heineken
861,heineken
864,heineken
865,heineken
866,heineken
869,heineken
871,heineken
875,heineken
876,heineken
877,heineken
879,heineken
880,heineken
881,heineken
882,heineken
884,heineken
885,heineken
888,heineken
889,heineken
890,heineken
891,heineken
893,heineken
894,heineken
896,heineken
897,heineken
898,heineken
899,heineken
900,heineken
902,heineken
903,heineken
904,heineken
905,heineken
909,heineken
910,heineken
911,heineken
913,heineken
914,heineken
916,heineken
917,heineken
918,heineken
919,heineken
920,heineken
921,heineken
922,heineken
923,heineken
925,heineken
929,heineken
931,heineken
933,heineken
936,heineken
938,heineken
939,heineken
941,heineken
942,heineken
944,heineken
946,heineken
947,heineken
948,heineken
950,heineken
951,heineken
952,heineken
953,heineken
955,heineken
957,heineken
958,heineken
960,heineken
961,heineken
964,heineken
965,heineken
966,heineken
967,heineken
969,heineken
972,heineken
974,heineken
975,heineken
977,heineken
979,heineken
980,heineken
982,heineken
983,heineken
985,heineken
986,heineken
987,heineken
988,heineken
990,heineken
992,heineken
994,heineken
995,heineken
996,heineken
998,heineken
999,heineken
1000,heineken
0,hering
1,hering
4,hering
9,hering
11,hering
12,hering
14,hering
16,hering
19,hering
20,hering
21,hering
23,hering
31,hering
34,hering
35,hering
38,hering
41,hering
43,hering
44,hering
47,hering
49,hering
52,hering
53,hering
54,hering
55,hering
57,hering
60,hering
61,hering
62,hering
63,hering
65,hering
67,hering
71,hering
72,hering
76,hering
78,hering
82,hering
83,hering
84,hering
85,hering
86,hering
87,hering
88,hering
90,hering
91,hering
92,hering
95,hering
99,hering
101,hering
102,hering
103,hering
105,hering
106,hering
108,hering
110,hering
113,hering
116,hering
118,hering
119,hering
120,hering
122,hering
124,hering
126,hering
131,hering
132,hering
133,hering
134,hering
135,hering
137,hering
140,hering
144,hering
145,hering
150,hering
152,hering
156,hering
158,hering
159,hering
160,hering
162,hering
166,hering
167,hering
168,hering
172,hering
175,hering
177,hering
178,hering
179,hering
181,hering
185,hering
187,hering
188,hering
189,hering
191,hering
192,hering
193,hering
195,hering
196,hering
201,hering
202,hering
204,hering
206,hering
209,hering
212,hering
213,hering
216,hering
217,hering
218,hering
219,hering
223,hering
228,hering
231,hering
232,hering
233,hering
234,hering
235,hering
237,hering
239,hering
243,hering
248,hering
251,hering
253,hering
255,hering
257,hering
258,hering
261,hering
263,hering
265,hering
267,hering
277,hering
280,hering
282,hering
283,hering
287,hering
288,hering
289,hering
290,hering
292,hering
293,hering
294,hering
298,hering
299,hering
300,hering
302,hering
304,hering
305,hering
306,hering
307,hering
309,hering
310,hering
311,hering
313,hering
314,hering
315,hering
318,hering
319,hering
322,hering
323,hering
330,hering
332,hering
333,hering
336,hering
339,hering
341,hering
342,hering
343,hering
344,hering
345,hering
350,hering
351,hering
352,hering
355,hering
356,hering
357,hering
358,hering
361,hering
362,hering
367,hering
368,hering
369,hering
370,hering
374,hering
375,hering
377,hering
379,hering
380,hering
386,hering
387,hering
389,hering
390,hering
393,hering
394,hering
396,hering
398,hering
402,hering
403,hering
406,hering
408,hering
410,hering
411,hering
412,hering
413,hering
415,hering
417,hering
418,hering
419,hering
420,hering
423,hering
424,hering
425,hering
427,hering
428,hering
429,hering
431,hering
433,hering
438,hering
442,hering
443,hering
445,hering
446,hering
448,hering
449,hering
452,hering
456,hering
463,hering
464,hering
468,hering
470,hering
474,hering
476,hering
478,hering
479,hering
481,hering
482,hering
483,hering
484,hering
486,hering
487,hering
488,hering
490,hering
491,hering
492,hering
493,hering
497,hering
499,hering
500,hering
500,hering
502,hering
503,hering
504,hering
507,hering
508,hering
514,hering
516,hering
517,hering
526,hering
527,hering
529,hering
530,hering
532,hering
537,hering
540,hering
541,hering
542,hering
543,hering
544,hering
545,hering
546,hering
548,hering
550,hering
551,hering
552,hering
553,hering
556,hering
557,hering
558,hering
559,hering
563,hering
564,hering
567,hering
568,hering
570,hering
573,hering
574,hering
575,hering
581,hering
582,hering
583,hering
590,hering
592,hering
593,hering
597,hering
599,hering
600,hering
602,hering
606,hering
609,hering
612,hering
614,hering
617,hering
619,hering
621,hering
624,hering
627,hering
628,hering
629,hering
630,hering
635,hering
636,hering
637,hering
638,hering
640,hering
643,hering
651,hering
653,hering
655,hering
658,hering
660,hering
662,hering
663,hering
664,hering
665,hering
667,hering
671,hering
673,hering
676,hering
680,hering
682,hering
685,hering
687,hering
688,hering
690,hering
691,hering
693,hering
694,hering
698,hering
699,hering
700,hering
705,hering
708,hering
710,hering
713,hering
714,hering
718,hering
719,hering
721,hering
722,hering
724,hering
727,hering
730,hering
731,hering
734,hering
735,hering
738,hering
741,hering
742,hering
743,hering
745,hering
746,hering
748,hering
750,hering
751,hering
752,hering
754,hering
755,hering
758,hering
759,hering
761,hering
764,hering
767,hering
769,hering
771,hering
772,hering
773,hering
777,hering
778,hering
780,hering
781,hering
782,hering
783,hering
784,hering
787,hering
788,hering
789,hering
790,hering
793,hering
794,hering
795,hering
799,hering
801,hering
802,hering
804,hering
806,hering
808,hering
810,hering
813,hering
814,hering
819,hering
821,hering
822,hering
823,hering
825,hering
827,hering
829,hering
831,hering
833,hering
835,hering
836,hering
837,hering
838,hering
840,hering
841,hering
846,hering
848,hering
851,hering
853,hering
854,hering
858,hering
859,hering
862,hering
864,hering
867,hering
869,hering
870,hering
872,hering
873,hering
874,hering
875,hering
878,hering
881,hering
883,hering
885,hering
886,hering
890,hering
891,hering
894,hering
899,hering
902,hering
904,hering
906,hering
908,hering
909,hering
911,hering
912,hering
913,hering
915,hering
917,hering
918,hering
919,hering
925,hering
925,hering
926,hering
930,hering
932,hering
934,hering
935,hering
936,hering
939,hering
941,hering
947,hering
950,hering
951,hering
952,hering
953,hering
954,hering
955,hering
959,hering
964,hering
966,hering
967,hering
968,hering
970,hering
972,hering
974,hering
975,hering
977,hering
978,hering
979,hering
980,hering
982,hering
987,hering
989,hering
990,hering
993,hering
994,hering
995,hering
997,hering
998,hering
1000,hering
0,ice_crea
3,ice_crea
5,ice_crea
6,ice_crea
7,ice_crea
13,ice_crea
15,ice_crea
17,ice_crea
24,ice_crea
25,ice_crea
26,ice_crea
27,ice_crea
29,ice_crea
30,ice_crea
39,ice_crea
42,ice_crea
45,ice_crea
45,ice_crea
48,ice_crea
51,ice_crea
56,ice_crea
62,ice_crea
68,ice_crea
69,ice_crea
74,ice_crea
77,ice_crea
88,ice_crea
92,ice_crea
95,ice_crea
96,ice_crea
97,ice_crea
101,ice_crea
107,ice_crea
111,ice_crea
113,ice_crea
114,ice_crea
117,ice_crea
118,ice_crea
123,ice_crea
125,ice_crea
127,ice_crea
129,ice_crea
135,ice_crea
136,ice_crea
137,ice_crea
138,ice_crea
142,ice_crea
148,ice_crea
153,ice_crea
157,ice_crea
164,ice_crea
168,ice_crea
174,ice_crea
176,ice_crea
179,ice_crea
180,ice_crea
188,ice_crea
189,ice_crea
190,ice_crea
194,ice_crea
195,ice_crea
197,ice_crea
198,ice_crea
199,ice_crea
203,ice_crea
205,ice_crea
207,ice_crea
212,ice_crea
214,ice_crea
215,ice_crea
220,ice_crea
223,ice_crea
225,ice_crea
227,ice_crea
229,ice_crea
242,ice_crea
243,ice_crea
244,ice_crea
245,ice_crea
246,ice_crea
247,ice_crea
249,ice_crea
250,ice_crea
254,ice_crea
255,ice_crea
256,ice_crea
261,ice_crea
268,ice_crea
269,ice_crea
272,ice_crea
277,ice_crea
279,ice_crea
284,ice_crea
286,ice_crea
293,ice_crea
294,ice_crea
297,ice_crea
300,ice_crea
307,ice_crea
316,ice_crea
317,ice_crea
324,ice_crea
325,ice_crea
329,ice_crea
334,ice_crea
337,ice_crea
340,ice_crea
341,ice_crea
343,ice_crea
344,ice_crea
348,ice_crea
349,ice_crea
365,ice_crea
366,ice_crea
370,ice_crea
372,ice_crea
373,ice_crea
386,ice_crea
388,ice_crea
391,ice_crea
392,ice_crea
400,ice_crea
403,ice_crea
409,ice_crea
416,ice_crea
418,ice_crea
421,ice_crea
425,ice_crea
426,ice_crea
434,ice_crea
435,ice_crea
436,ice_crea
437,ice_crea
439,ice_crea
444,ice_crea
450,ice_crea
453,ice_crea
454,ice_crea
455,ice_crea
458,ice_crea
459,ice_crea
461,ice_crea
465,ice_crea
467,ice_crea
468,ice_crea
471,ice_crea
477,ice_crea
480,ice_crea
481,ice_crea
484,ice_crea
489,ice_crea
491,ice_crea
493,ice_crea
494,ice_crea
498,ice_crea
500,ice_crea
501,ice_crea
502,ice_crea
504,ice_crea
505,ice_crea
509,ice_crea
510,ice_crea
515,ice_crea
517,ice_crea
520,ice_crea
522,ice_crea
523,ice_crea
531,ice_crea
533,ice_crea
533,ice_crea
535,ice_crea
538,ice_crea
539,ice_crea
540,ice_crea
551,ice_crea
552,ice_crea
555,ice_crea
560,ice_crea
561,ice_crea
562,ice_crea
569,ice_crea
571,ice_crea
572,ice_crea
577,ice_crea
578,ice_crea
583,ice_crea
584,ice_crea
591,ice_crea
595,ice_crea
596,ice_crea
601,ice_crea
603,ice_crea
605,ice_crea
607,ice_crea
610,ice_crea
611,ice_crea
615,ice_crea
620,ice_crea
621,ice_crea
626,ice_crea
628,ice_crea
632,ice_crea
633,ice_crea
634,ice_crea
634,ice_crea
637,ice_crea
644,ice_crea
650,ice_crea
652,ice_crea
653,ice_crea
653,ice_crea
654,ice_crea
659,ice_crea
661,ice_crea
664,ice_crea
665,ice_crea
666,ice_crea
670,ice_crea
672,ice_crea
674,ice_crea
677,ice_crea
678,ice_crea
682,ice_crea
684,ice_crea
685,ice_crea
688,ice_crea
695,ice_crea
704,ice_crea
709,ice_crea
711,ice_crea
712,ice_crea
716,ice_crea
720,ice_crea
723,ice_crea
728,ice_crea
729,ice_crea
736,ice_crea
739,ice_crea
740,ice_crea
749,ice_crea
756,ice_crea
757,ice_crea
760,ice_crea
761,ice_crea
762,ice_crea
770,ice_crea
776,ice_crea
779,ice_crea
782,ice_crea
785,ice_crea
786,ice_crea
786,ice_crea
790,ice_crea
791,ice_crea
792,ice_crea
793,ice_crea
794,ice_crea
795,ice_crea
800,ice_crea
806,ice_crea
809,ice_crea
813,ice_crea
816,ice_crea
824,ice_crea
826,ice_crea
834,ice_crea
835,ice_crea
840,ice_crea
842,ice_crea
847,ice_crea
849,ice_crea
852,ice_crea
855,ice_crea
857,ice_crea
858,ice_crea
863,ice_crea
865,ice_crea
868,ice_crea
876,ice_crea
879,ice_crea
881,ice_crea
882,ice_crea
887,ice_crea
888,ice_crea
893,ice_crea
895,ice_crea
896,ice_crea
897,ice_crea
900,ice_crea
910,ice_crea
912,ice_crea
920,ice_crea
921,ice_crea
922,ice_crea
927,ice_crea
929,ice_crea
931,ice_crea
933,ice_crea
935,ice_crea
937,ice_crea
944,ice_crea
948,ice_crea
949,ice_crea
957,ice_crea
960,ice_crea
962,ice_crea
969,ice_crea
972,ice_crea
973,ice_crea
976,ice_crea
981,ice_crea
983,ice_crea
984,ice_crea
989,ice_crea
990,ice_crea
991,ice_crea
995,ice_crea
999,ice_crea
0,olives
1,olives
3,olives
4,olives
6,olives
8,olives
12,olives
14,olives
15,olives
18,olives
19,olives
20,olives
22,olives
23,olives
26,olives
27,olives
28,olives
29,olives
30,olives
33,olives
35,olives
37,olives
40,olives
41,olives
43,olives
44,olives
50,olives
52,olives
54,olives
56,olives
58,olives
62,olives
67,olives
68,olives
71,olives
72,olives
76,olives
77,olives
83,olives
85,olives
86,olives
87,olives
88,olives
89,olives
93,olives
95,olives
97,olives
98,olives
99,olives
101,olives
102,olives
105,olives
109,olives
111,olives
114,olives
115,olives
116,olives
118,olives
119,olives
123,olives
126,olives
127,olives
128,olives
129,olives
132,olives
133,olives
136,olives
137,olives
141,olives
145,olives
146,olives
147,olives
148,olives
150,olives
153,olives
155,olives
156,olives
159,olives
160,olives
161,olives
166,olives
168,olives
172,olives
173,olives
174,olives
177,olives
179,olives
180,olives
181,olives
182,olives
185,olives
190,olives
191,olives
194,olives
195,olives
196,olives
197,olives
198,olives
199,olives
202,olives
204,olives
206,olives
215,olives
216,olives
218,olives
219,olives
220,olives
221,olives
222,olives
223,olives
224,olives
227,olives
229,olives
230,olives
231,olives
232,olives
233,olives
234,olives
239,olives
240,olives
246,olives
247,olives
250,olives
251,olives
254,olives
257,olives
259,olives
263,olives
265,olives
266,olives
269,olives
272,olives
274,olives
276,olives
277,olives
280,olives
282,olives
283,olives
284,olives
286,olives
287,olives
289,olives
290,olives
291,olives
292,olives
298,olives
304,olives
305,olives
306,olives
310,olives
313,olives
314,olives
315,olives
316,olives
317,olives
318,olives
320,olives
322,olives
327,olives
328,olives
330,olives
332,olives
334,olives
335,olives
337,olives
339,olives
341,olives
342,olives
343,olives
345,olives
347,olives
348,olives
351,olives
354,olives
357,olives
358,olives
359,olives
361,olives
364,olives
364,olives
365,olives
367,olives
368,olives
371,olives
373,olives
374,olives
374,olives
375,olives
380,olives
382,olives
386,olives
387,olives
389,olives
391,olives
392,olives
398,olives
399,olives
401,olives
402,olives
403,olives
407,olives
413,olives
415,olives
416,olives
417,olives
418,olives
419,olives
424,olives
429,olives
431,olives
432,olives
436,olives
444,olives
448,olives
451,olives
452,olives
454,olives
459,olives
460,olives
467,olives
471,olives
472,olives
473,olives
474,olives
475,olives
476,olives
480,olives
481,olives
482,olives
484,olives
487,olives
490,olives
492,olives
493,olives
494,olives
496,olives
497,olives
499,olives
502,olives
505,olives
510,olives
514,olives
515,olives
516,olives
517,olives
518,olives
523,olives
526,olives
533,olives
535,olives
537,olives
539,olives
541,olives
542,olives
543,olives
544,olives
545,olives
546,olives
547,olives
548,olives
549,olives
550,olives
555,olives
556,olives
557,olives
558,olives
563,olives
565,olives
566,olives
567,olives
570,olives
571,olives
574,olives
577,olives
579,olives
581,olives
582,olives
590,olives
591,olives
592,olives
596,olives
598,olives
600,olives
601,olives
602,olives
603,olives
606,olives
609,olives
610,olives
614,olives
615,olives
616,olives
617,olives
618,olives
619,olives
620,olives
621,olives
624,olives
626,olives
627,olives
631,olives
632,olives
636,olives
638,olives
640,olives
645,olives
647,olives
648,olives
650,olives
652,olives
653,olives
654,olives
656,olives
659,olives
660,olives
662,olives
663,olives
664,olives
670,olives
671,olives
672,olives
674,olives
675,olives
676,olives
680,olives
681,olives
682,olives
685,olives
686,olives
687,olives
688,olives
691,olives
695,olives
697,olives
699,olives
709,olives
710,olives
711,olives
713,olives
714,olives
715,olives
716,olives
718,olives
719,olives
720,olives
723,olives
724,olives
726,olives
728,olives
730,olives
731,olives
733,olives
734,olives
736,olives
740,olives
742,olives
743,olives
744,olives
745,olives
747,olives
748,olives
749,olives
750,olives
752,olives
755,olives
757,olives
758,olives
763,olives
764,olives
765,olives
769,olives
770,olives
772,olives
773,olives
774,olives
779,olives
782,olives
783,olives
786,olives
788,olives
789,olives
792,olives
793,olives
794,olives
797,olives
800,olives
802,olives
808,olives
809,olives
811,olives
814,olives
816,olives
818,olives
820,olives
821,olives
831,olives
835,olives
839,olives
841,olives
844,olives
846,olives
849,olives
851,olives
852,olives
853,olives
854,olives
855,olives
858,olives
859,olives
862,olives
863,olives
864,olives
866,olives
867,olives
870,olives
872,olives
873,olives
874,olives
876,olives
878,olives
879,olives
880,olives
883,olives
885,olives
885,olives
887,olives
890,olives
893,olives
903,olives
904,olives
905,olives
906,olives
907,olives
908,olives
911,olives
912,olives
913,olives
914,olives
915,olives
919,olives
923,olives
925,olives
927,olives
928,olives
930,olives
931,olives
934,olives
935,olives
937,olives
938,olives
946,olives
947,olives
949,olives
954,olives
955,olives
956,olives
957,olives
959,olives
960,olives
961,olives
964,olives
968,olives
970,olives
976,olives
978,olives
981,olives
984,olives
985,olives
986,olives
988,olives
989,olives
990,olives
991,olives
993,olives
997,olives
1000,olives
3,peppers
5,peppers
7,peppers
8,peppers
9,peppers
10,peppers
13,peppers
18,peppers
25,peppers
28,peppers
31,peppers
32,peppers
45,peppers
46,peppers
48,peppers
51,peppers
58,peppers
59,peppers
64,peppers
66,peppers
69,peppers
70,peppers
73,peppers
75,peppers
76,peppers
79,peppers
82,peppers
90,peppers
94,peppers
99,peppers
100,peppers
101,peppers
103,peppers
106,peppers
110,peppers
112,peppers
121,peppers
122,peppers
125,peppers
127,peppers
129,peppers
135,peppers
140,peppers
151,peppers
154,peppers
155,peppers
158,peppers
160,peppers
160,peppers
161,peppers
163,peppers
166,peppers
167,peppers
170,peppers
171,peppers
172,peppers
178,peppers
180,peppers
182,peppers
183,peppers
191,peppers
197,peppers
200,peppers
203,peppers
207,peppers
209,peppers
210,peppers
217,peppers
226,peppers
233,peppers
233,peppers
240,peppers
241,peppers
242,peppers
260,peppers
262,peppers
263,peppers
264,peppers
266,peppers
269,peppers
270,peppers
275,peppers
278,peppers
281,peppers
288,peppers
295,peppers
296,peppers
301,peppers
303,peppers
304,peppers
308,peppers
312,peppers
319,peppers
320,peppers
321,peppers
323,peppers
323,peppers
326,peppers
327,peppers
331,peppers
338,peppers
341,peppers
344,peppers
346,peppers
347,peppers
353,peppers
359,peppers
363,peppers
364,peppers
365,peppers
373,peppers
376,peppers
381,peppers
383,peppers
384,peppers
388,peppers
389,peppers
390,peppers
392,peppers
393,peppers
396,peppers
397,peppers
398,peppers
404,peppers
405,peppers
409,peppers
410,peppers
414,peppers
422,peppers
426,peppers
433,peppers
436,peppers
438,peppers
439,peppers
439,peppers
441,peppers
442,peppers
455,peppers
462,peppers
464,peppers
466,peppers
469,peppers
472,peppers
474,peppers
475,peppers
479,peppers
485,peppers
490,peppers
491,peppers
492,peppers
496,peppers
498,peppers
503,peppers
506,peppers
511,peppers
513,peppers
518,peppers
519,peppers
521,peppers
524,peppers
525,peppers
527,peppers
528,peppers
532,peppers
534,peppers
536,peppers
538,peppers
544,peppers
553,peppers
554,peppers
564,peppers
564,peppers
565,peppers
566,peppers
576,peppers
580,peppers
582,peppers
583,peppers
584,peppers
585,peppers
586,peppers
587,peppers
588,peppers
589,peppers
590,peppers
591,peppers
594,peppers
596,peppers
597,peppers
598,peppers
604,peppers
607,peppers
608,peppers
614,peppers
616,peppers
619,peppers
620,peppers
620,peppers
622,peppers
623,peppers
625,peppers
630,peppers
631,peppers
633,peppers
634,peppers
641,peppers
646,peppers
657,peppers
662,peppers
666,peppers
667,peppers
668,peppers
669,peppers
670,peppers
672,peppers
676,peppers
679,peppers
683,peppers
684,peppers
686,peppers
689,peppers
691,peppers
692,peppers
694,peppers
696,peppers
700,peppers
702,peppers
703,peppers
706,peppers
707,peppers
717,peppers
718,peppers
725,peppers
735,peppers
736,peppers
736,peppers
739,peppers
740,peppers
747,peppers
753,peppers
759,peppers
763,peppers
766,peppers
768,peppers
771,peppers
774,peppers
775,peppers
777,peppers
782,peppers
797,peppers
798,peppers
803,peppers
805,peppers
810,peppers
812,peppers
815,peppers
817,peppers
824,peppers
830,peppers
832,peppers
844,peppers
845,peppers
850,peppers
852,peppers
856,peppers
860,peppers
861,peppers
868,peppers
871,peppers
882,peppers
886,peppers
888,peppers
889,peppers
892,peppers
895,peppers
899,peppers
900,peppers
901,peppers
903,peppers
907,peppers
908,peppers
912,peppers
924,peppers
926,peppers
928,peppers
932,peppers
937,peppers
938,peppers
940,peppers
943,peppers
945,peppers
956,peppers
958,peppers
961,peppers
962,peppers
963,peppers
965,peppers
968,peppers
971,peppers
973,peppers
982,peppers
987,peppers
999,peppers
2,sardines
5,sardines
10,sardines
12,sardines
13,sardines
17,sardines
24,sardines
25,sardines
29,sardines
32,sardines
36,sardines
39,sardines
42,sardines
46,sardines
47,sardines
49,sardines
51,sardines
56,sardines
64,sardines
66,sardines
68,sardines
70,sardines
73,sardines
74,sardines
96,sardines
98,sardines
100,sardines
103,sardines
104,sardines
107,sardines
110,sardines
111,sardines
112,sardines
113,sardines
116,sardines
117,sardines
121,sardines
123,sardines
135,sardines
138,sardines
142,sardines
154,sardines
155,sardines
158,sardines
161,sardines
163,sardines
164,sardines
168,sardines
170,sardines
176,sardines
182,sardines
188,sardines
189,sardines
193,sardines
198,sardines
201,sardines
203,sardines
205,sardines
206,sardines
207,sardines
208,sardines
210,sardines
214,sardines
220,sardines
223,sardines
224,sardines
225,sardines
240,sardines
241,sardines
242,sardines
243,sardines
245,sardines
249,sardines
250,sardines
256,sardines
260,sardines
261,sardines
262,sardines
268,sardines
270,sardines
275,sardines
279,sardines
281,sardines
284,sardines
296,sardines
297,sardines
300,sardines
301,sardines
302,sardines
307,sardines
308,sardines
310,sardines
312,sardines
313,sardines
321,sardines
324,sardines
325,sardines
333,sardines
337,sardines
340,sardines
347,sardines
348,sardines
349,sardines
352,sardines
354,sardines
356,sardines
363,sardines
366,sardines
372,sardines
378,sardines
381,sardines
384,sardines
388,sardines
392,sardines
397,sardines
404,sardines
410,sardines
415,sardines
421,sardines
423,sardines
425,sardines
426,sardines
433,sardines
434,sardines
435,sardines
439,sardines
450,sardines
455,sardines
456,sardines
458,sardines
461,sardines
462,sardines
463,sardines
464,sardines
472,sardines
477,sardines
485,sardines
489,sardines
494,sardines
498,sardines
500,sardines
501,sardines
504,sardines
506,sardines
511,sardines
516,sardines
519,sardines
520,sardines
522,sardines
523,sardines
524,sardines
528,sardines
530,sardines
531,sardines
534,sardines
537,sardines
546,sardines
554,sardines
555,sardines
559,sardines
560,sardines
562,sardines
565,sardines
566,sardines
568,sardines
569,sardines
571,sardines
576,sardines
578,sardines
583,sardines
587,sardines
589,sardines
595,sardines
596,sardines
598,sardines
602,sardines
605,sardines
607,sardines
610,sardines
611,sardines
615,sardines
628,sardines
632,sardines
634,sardines
639,sardines
639,sardines
640,sardines
641,sardines
642,sardines
644,sardines
646,sardines
650,sardines
657,sardines
661,sardines
666,sardines
670,sardines
673,sardines
675,sardines
676,sardines
677,sardines
686,sardines
692,sardines
693,sardines
700,sardines
701,sardines
702,sardines
703,sardines
704,sardines
711,sardines
712,sardines
714,sardines
729,sardines
731,sardines
742,sardines
756,sardines
760,sardines
761,sardines
762,sardines
766,sardines
768,sardines
771,sardines
772,sardines
775,sardines
776,sardines
781,sardines
785,sardines
791,sardines
792,sardines
796,sardines
798,sardines
807,sardines
810,sardines
812,sardines
813,sardines
815,sardines
819,sardines
821,sardines
824,sardines
826,sardines
834,sardines
835,sardines
836,sardines
842,sardines
845,sardines
847,sardines
852,sardines
856,sardines
857,sardines
861,sardines
865,sardines
866,sardines
867,sardines
868,sardines
871,sardines
876,sardines
878,sardines
879,sardines
881,sardines
882,sardines
887,sardines
888,sardines
895,sardines
896,sardines
897,sardines
899,sardines
900,sardines
901,sardines
907,sardines
910,sardines
920,sardines
922,sardines
923,sardines
924,sardines
926,sardines
928,sardines
929,sardines
931,sardines
933,sardines
937,sardines
940,sardines
943,sardines
944,sardines
945,sardines
948,sardines
951,sardines
953,sardines
957,sardines
961,sardines
962,sardines
968,sardines
969,sardines
973,sardines
983,sardines
984,sardines
990,sardines
998,sardines
998,sardines
999,sardines
1,soda
8,soda
18,soda
19,soda
22,soda
23,soda
27,soda
28,soda
29,soda
30,soda
33,soda
34,soda
37,soda
38,soda
40,soda
43,soda
47,soda
50,soda
52,soda
55,soda
57,soda
58,soda
60,soda
65,soda
67,soda
69,soda
72,soda
73,soda
80,soda
84,soda
90,soda
92,soda
93,soda
97,soda
98,soda
100,soda
103,soda
109,soda
115,soda
122,soda
123,soda
124,soda
125,soda
128,soda
131,soda
133,soda
141,soda
142,soda
147,soda
148,soda
150,soda
152,soda
166,soda
167,soda
169,soda
173,soda
175,soda
179,soda
184,soda
187,soda
195,soda
200,soda
210,soda
211,soda
212,soda
220,soda
221,soda
222,soda
224,soda
228,soda
232,soda
250,soda
253,soda
257,soda
258,soda
259,soda
262,soda
266,soda
267,soda
272,soda
273,soda
274,soda
276,soda
279,soda
288,soda
290,soda
291,soda
292,soda
293,soda
302,soda
306,soda
309,soda
311,soda
312,soda
323,soda
325,soda
327,soda
328,soda
330,soda
332,soda
333,soda
335,soda
342,soda
344,soda
345,soda
349,soda
350,soda
351,soda
352,soda
354,soda
368,soda
370,soda
371,soda
374,soda
376,soda
379,soda
382,soda
384,soda
385,soda
387,soda
390,soda
394,soda
395,soda
396,soda
399,soda
401,soda
402,soda
407,soda
411,soda
413,soda
420,soda
423,soda
426,soda
427,soda
429,soda
430,soda
431,soda
432,soda
438,soda
442,soda
446,soda
447,soda
448,soda
449,soda
451,soda
452,soda
460,soda
463,soda
464,soda
466,soda
468,soda
470,soda
471,soda
473,soda
475,soda
478,soda
483,soda
486,soda
488,soda
495,soda
505,soda
507,soda
514,soda
516,soda
518,soda
519,soda
520,soda
530,soda
533,soda
541,soda
543,soda
547,soda
550,soda
553,soda
559,soda
562,soda
566,soda
567,soda
568,soda
569,soda
570,soda
573,soda
575,soda
579,soda
580,soda
581,soda
591,soda
597,soda
599,soda
600,soda
614,soda
616,soda
617,soda
618,soda
624,soda
625,soda
627,soda
630,soda
631,soda
635,soda
637,soda
643,soda
645,soda
647,soda
648,soda
650,soda
651,soda
656,soda
663,soda
664,soda
665,soda
675,soda
679,soda
681,soda
685,soda
686,soda
687,soda
694,soda
697,soda
698,soda
699,soda
702,soda
705,soda
707,soda
722,soda
726,soda
727,soda
733,soda
735,soda
740,soda
741,soda
743,soda
747,soda
748,soda
750,soda
754,soda
756,soda
759,soda
765,soda
767,soda
770,soda
774,soda
781,soda
783,soda
786,soda
790,soda
795,soda
797,soda
799,soda
800,soda
803,soda
805,soda
806,soda
808,soda
809,soda
814,soda
818,soda
820,soda
821,soda
822,soda
825,soda
827,soda
833,soda
836,soda
840,soda
841,soda
843,soda
844,soda
848,soda
854,soda
863,soda
865,soda
866,soda
875,soda
880,soda
884,soda
887,soda
892,soda
893,soda
895,soda
899,soda
902,soda
903,soda
904,soda
905,soda
909,soda
914,soda
918,soda
923,soda
925,soda
930,soda
930,soda
938,soda
941,soda
946,soda
947,soda
950,soda
951,soda
952,soda
953,soda
954,soda
955,soda
956,soda
959,soda
960,soda
961,soda
966,soda
972,soda
974,soda
980,soda
982,soda
983,soda
985,soda
986,soda
987,soda
988,soda
991,soda
995,soda
998,soda
4,steak
10,steak
12,steak
13,steak
19,steak
22,steak
37,steak
39,steak
41,steak
42,steak
43,steak
46,steak
59,steak
61,steak
62,steak
63,steak
67,steak
72,steak
79,steak
80,steak
83,steak
85,steak
87,steak
89,steak
98,steak
99,steak
105,steak
114,steak
119,steak
126,steak
132,steak
149,steak
151,steak
154,steak
160,steak
174,steak
177,steak
180,steak
181,steak
184,steak
190,steak
191,steak
196,steak
201,steak
202,steak
204,steak
206,steak
207,steak
216,steak
218,steak
219,steak
221,steak
223,steak
231,steak
233,steak
234,steak
236,steak
239,steak
246,steak
248,steak
251,steak
256,steak
271,steak
272,steak
273,steak
275,steak
276,steak
276,steak
277,steak
281,steak
282,steak
283,steak
289,steak
290,steak
295,steak
298,steak
300,steak
301,steak
305,steak
306,steak
309,steak
313,steak
314,steak
315,steak
319,steak
322,steak
322,steak
339,steak
343,steak
351,steak
361,steak
367,steak
368,steak
370,steak
375,steak
384,steak
406,steak
407,steak
408,steak
411,steak
411,steak
414,steak
415,steak
419,steak
429,steak
441,steak
444,steak
448,steak
457,steak
457,steak
474,steak
478,steak
478,steak
481,steak
483,steak
486,steak
487,steak
492,steak
493,steak
499,steak
502,steak
510,steak
511,steak
514,steak
526,steak
536,steak
539,steak
542,steak
546,steak
550,steak
552,steak
556,steak
557,steak
560,steak
573,steak
574,steak
575,steak
578,steak
582,steak
585,steak
592,steak
594,steak
598,steak
600,steak
602,steak
604,steak
606,steak
608,steak
615,steak
618,steak
619,steak
640,steak
642,steak
645,steak
646,steak
648,steak
652,steak
657,steak
660,steak
662,steak
664,steak
668,steak
672,steak
674,steak
676,steak
682,steak
683,steak
683,steak
688,steak
690,steak
691,steak
695,steak
695,steak
707,steak
714,steak
721,steak
722,steak
729,steak
733,steak
734,steak
739,steak
742,steak
745,steak
747,steak
752,steak
754,steak
755,steak
757,steak
758,steak
780,steak
780,steak
784,steak
788,steak
794,steak
802,steak
821,steak
827,steak
828,steak
828,steak
839,steak
854,steak
856,steak
858,steak
859,steak
863,steak
864,steak
867,steak
870,steak
873,steak
878,steak
883,steak
894,steak
901,steak
906,steak
909,steak
910,steak
911,steak
912,steak
913,steak
915,steak
916,steak
916,steak
920,steak
932,steak
933,steak
935,steak
939,steak
941,steak
947,steak
951,steak
975,steak
978,steak
980,steak
989,steak
993,steak
995,steak
1000,steak
0,turkey
2,turkey
3,turkey
4,turkey
6,turkey
10,turkey
14,turkey
15,turkey
16,turkey
20,turkey
26,turkey
27,turkey
29,turkey
30,turkey
35,turkey
44,turkey
48,turkey
51,turkey
54,turkey
63,turkey
68,turkey
71,turkey
73,turkey
76,turkey
77,turkey
79,turkey
85,turkey
86,turkey
88,turkey
95,turkey
97,turkey
101,turkey
102,turkey
112,turkey
113,turkey
114,turkey
116,turkey
118,turkey
126,turkey
127,turkey
129,turkey
132,turkey
134,turkey
136,turkey
137,turkey
138,turkey
145,turkey
148,turkey
150,turkey
152,turkey
153,turkey
154,turkey
157,turkey
159,turkey
166,turkey
168,turkey
174,turkey
180,turkey
183,turkey
185,turkey
190,turkey
194,turkey
195,turkey
197,turkey
199,turkey
204,turkey
215,turkey
221,turkey
222,turkey
226,turkey
227,turkey
228,turkey
228,turkey
229,turkey
230,turkey
246,turkey
247,turkey
249,turkey
250,turkey
254,turkey
263,turkey
265,turkey
269,turkey
280,turkey
284,turkey
286,turkey
287,turkey
292,turkey
299,turkey
304,turkey
309,turkey
310,turkey
314,turkey
315,turkey
316,turkey
317,turkey
318,turkey
320,turkey
322,turkey
326,turkey
330,turkey
333,turkey
334,turkey
339,turkey
341,turkey
348,turkey
357,turkey
363,turkey
363,turkey
368,turkey
369,turkey
372,turkey
373,turkey
377,turkey
378,turkey
380,turkey
382,turkey
386,turkey
387,turkey
389,turkey
391,turkey
398,turkey
403,turkey
408,turkey
412,turkey
415,turkey
417,turkey
418,turkey
421,turkey
424,turkey
428,turkey
431,turkey
436,turkey
443,turkey
444,turkey
454,turkey
458,turkey
459,turkey
465,turkey
467,turkey
471,turkey
476,turkey
480,turkey
482,turkey
484,turkey
487,turkey
488,turkey
490,turkey
499,turkey
502,turkey
506,turkey
507,turkey
510,turkey
515,turkey
517,turkey
523,turkey
531,turkey
535,turkey
537,turkey
539,turkey
541,turkey
543,turkey
544,turkey
545,turkey
546,turkey
548,turkey
558,turkey
563,turkey
574,turkey
576,turkey
577,turkey
581,turkey
590,turkey
591,turkey
593,turkey
601,turkey
603,turkey
609,turkey
611,turkey
615,turkey
620,turkey
621,turkey
622,turkey
626,turkey
629,turkey
631,turkey
632,turkey
636,turkey
643,turkey
647,turkey
650,turkey
652,turkey
653,turkey
654,turkey
659,turkey
670,turkey
671,turkey
672,turkey
674,turkey
680,turkey
690,turkey
695,turkey
698,turkey
710,turkey
713,turkey
716,turkey
718,turkey
719,turkey
720,turkey
723,turkey
724,turkey
727,turkey
728,turkey
731,turkey
734,turkey
736,turkey
737,turkey
749,turkey
750,turkey
755,turkey
757,turkey
764,turkey
769,turkey
772,turkey
779,turkey
782,turkey
787,turkey
789,turkey
791,turkey
792,turkey
793,turkey
796,turkey
798,turkey
800,turkey
801,turkey
808,turkey
809,turkey
816,turkey
831,turkey
832,turkey
835,turkey
846,turkey
849,turkey
851,turkey
853,turkey
855,turkey
858,turkey
859,turkey
862,turkey
863,turkey
864,turkey
866,turkey
872,turkey
874,turkey
875,turkey
878,turkey
887,turkey
904,turkey
905,turkey
907,turkey
908,turkey
915,turkey
922,turkey
927,turkey
929,turkey
930,turkey
934,turkey
935,turkey
936,turkey
936,turkey
942,turkey
946,turkey
949,turkey
954,turkey
959,turkey
964,turkey
965,turkey
966,turkey
968,turkey
970,turkey
976,turkey
981,turkey
984,turkey
989,turkey
991,turkey
997,turkey
